order_id,customer_name,email,order_date,quantity,amount_usd,status
1004,  Chloe Garcia ,lucas.chen.at.example.com,03/16/2025,2,$70.84,CANCELLED
1040,ARJUN LEE,arjun.lee@example.com,02/21/2025,3,$295.29,shipped
1042,Oscar Wilson,oscar.wilson@example.com,2025-01-07,2,39.15,N/A
1023,amelia kim,amelia.kim@example.com,03/20/2025,5,, SHIPPED
1043,henry garcia,henry.garcia@example.com,02/13/2025, 6,940.49, SHIPPED
1022,emma lee,emma.lee@example.com,03/11/2025,6,$106.67,CANCELLED
1015,  Mei Garcia ,mei.garcia@example.com,01/24/2025,-2,$57.01,CANCELLED
1046,Sofia Singh,sofia.singh@example.com,01/14/2025,4,$659.56,Canceled
1036,Arjun  Singh,arjun.singh@example.com,03/24/2025,4,420.13,pending
1017,oscar garcia,oscar.garcia@example.com,03/24/2025,5,603.41,PENDING 
1010,  Ruby Smith ,ruby.smith@example.com,01/13/2025,5,273.56,cancelled
1051,Sofia  O'Brien,sofia.obrien@example.com,01/14/2025,4,517.24,CANCELLED
1027,isla garcia,isla.garcia@example.com,03/03/2025,4,598.22,CANCELLED
1053,Mia Walker,MIA.WALKER@EXAMPLE.COM,2025-03-31, 3,461.04,Delivered
1016,ETHAN O'BRIEN,ethan.obrien@example.com,01/09/2025,4,696.27,CANCELLED
1048,  Olivia Chen ,OLIVIA.CHEN@EXAMPLE.COM,2/4/2025,1, 153.7 ,shipped
1005,Arjun Singh,arjun.singh@example.com,1/14/2025,4,$541.05,pending
1001,ava taylor,ava.taylor@example.com,3/25/2025,4,189.12,Shipped
1039,ETHAN WILSON,ethan.wilson@example.com,01/26/2025,6,190.75,Pending
1010,  Ruby Smith ,ruby.smith@example.com,01/13/2025,5,273.56,cancelled
1011,oscar kim,oscar.kim@example.com,03/02/2025,1,30.38,Canceled
1007,  Oscar Wilson ,oscar.wilson@example.com,02/08/2025,4,187.06,Shipped
1018,LEO MARTIN,leo.martin@example.com,2025-01-28,5,$667.11,delivered
1024,Oscar Walker,OSCAR.WALKER@EXAMPLE.COM,02/04/2025,2,204.26,Delivered
1049,Sofia Singh,sofia.singh@example.com,03/11/2025,2,300.88,Shipped
1056,chloe chen,chloe.chen@example.com,01/24/2025,2,164.24,Canceled
1035,LEO SMITH,LEO.SMITH@EXAMPLE.COM,01/20/2025,4,450.33,delivered
1050,Ava  Smith,ava.smith@example.com,03/28/2025,1,$57.86,shipped
1045,Henry Taylor,N/A,02/04/2025,6,$169.38,Pending
1031,arjun lee,arjun.lee@example.com,02/10/2025,3,493.53,PENDING 
1009,Ava  Lee,AVA.LEE@EXAMPLE.COM,02/02/2025,2,131.93,Canceled
1057,Sofia Brown,sofia.brown@example.com,Mar 23 2025,4,$127.22,delivered
1037,ZOE O'BRIEN,zoe.obrien@example.com,03/17/2025,2,320.46,PENDING 
1028,Jack Nguyen,jack.nguyen@example.com,02/22/2025, 4,306.96,delivered
1033,Ethan  Wilson,ethan.wilson@example.com,02/11/2025,2,31.25,cancelled
1017,oscar garcia,oscar.garcia@example.com,03/24/2025,5,603.41,PENDING 
1034,Ethan Lee,ethan.lee@example.com,,3,85.51,Canceled
1054,  Arjun Wilson ,arjun.wilson@example.com,Jan 04 2025,5,298.39,cancelled
1014,leo o'brien,leo.obrien@example.com,02/19/2025,1,14.11,CANCELLED
1021,Olivia Smith,olivia.smith@example.com,3/28/2025,1,49.18,pending
1048,  Olivia Chen ,OLIVIA.CHEN@EXAMPLE.COM,2/4/2025,1, 153.7 ,shipped
1019,Noah Nguyen,noah.nguyen@example.com,02/28/2025,two,426.72,Pending
1002,  James Nguyen ,JAMES.NGUYEN@EXAMPLE.COM,01/01/2025,1,79.57,delivered
1058,MEI CHEN,mei.chen@example.com,01/22/2025, 1,$167.74,PENDING 
1020,Ava Lee,ava.lee@example.com,02/12/2025,6,111.20,Shipped
1006,  mia smith  ,mia.smith@example.com,2/6/2025,1,140.59,PENDING
1030,Ruby Singh,ruby.singh@example.com,13/45/2025,3, 123.8 ,delivered
1060,Emma Wilson,emma.wilson@example.com,01/14/2025,2,$138.94,Canceled
1008,Liam  Chen,,2/8/2025,2,31.43,PENDING 
1012,,HARPER.WALKER@EXAMPLE.COM,01/21/2025,3,315.05,Pending
1053,  mia walker  ,MIA.WALKER@EXAMPLE.COM,2025-03-31, 3,461.04,DELIVERED
1032,NOAH WILSON,noah.wilson@example.com,03/26/2025,6,762.43,delivered
1038,Jack Chen,jack.chen@example.com,02/17/2025,3,178.28,pending
1029,HENRY O'BRIEN,henry.obrien@example.com,01/21/2025,6,877.12,CANCELLED
1013,Sofia  O'Brien,sofia.obrien@example.com,02/27/2025,5,$842.93,cancelled
1031,arjun lee,arjun.lee@example.com,02/10/2025,3,493.53,PENDING 
1044,JAMES BROWN,james.brown@example.com,01/05/2025,1,165.60,pending
1003,arjun smith,arjun.smith@example.com,03/20/2025,6,$426.09,CANCELLED
1052,isla patel,isla.patel@example.com,02/19/2025,3,191.56,Pending
1041,Emma Lee,emma.lee@example.com,02/22/2025,3,218.16,shipped
1055,Arjun Martin,arjun.martin@example.com,02/23/2025,1, 172.3 ,delivered
1025,Chloe Nguyen,chloe.nguyen@example.com,03/29/2025,4,452.85,cancelled
1021,  olivia smith  ,olivia.smith@example.com,3/28/2025,1,49.18,PENDING
1059,Zoe O'Brien,ZOE.OBRIEN@EXAMPLE.COM,01/21/2025,3,119.77,pending
1006,mia smith,mia.smith@example.com,2/6/2025,1,140.59,Pending
1026,isla smith,isla.smith@example.com,2025-01-28,6,-35.00, SHIPPED
1047,harper o'brien,harper.obrien@example.com,2025-02-15,3,96.37,Delivered
1003,arjun smith,arjun.smith@example.com,03/20/2025,6,$426.09,CANCELLED
