order_id,customer_name,email,country,order_date,quantity,status
1004,Chloe Garcia,,US,2025-03-16,2.0,cancelled
1040,Arjun Lee,arjun.lee@example.com,AU,2025-02-21,3.0,shipped
1042,Oscar Wilson,oscar.wilson@example.com,CA,2025-01-07,2.0,unknown
1023,Amelia Kim,amelia.kim@example.com,US,2025-03-20,5.0,shipped
1043,Henry Garcia,henry.garcia@example.com,CA,2025-02-13,6.0,shipped
1022,Emma Lee,emma.lee@example.com,GB,2025-03-11,6.0,cancelled
1046,Sofia Singh,sofia.singh@example.com,NZ,2025-01-14,4.0,cancelled
1036,Arjun Singh,arjun.singh@example.com,AU,2025-03-24,4.0,pending
1017,Oscar Garcia,oscar.garcia@example.com,AU,2025-03-24,5.0,pending
1010,Ruby Smith,ruby.smith@example.com,NZ,2025-01-13,5.0,cancelled
1051,Sofia O'Brien,sofia.obrien@example.com,US,2025-01-14,4.0,cancelled
1027,Isla Garcia,isla.garcia@example.com,AU,2025-03-03,4.0,cancelled
1053,Mia Walker,mia.walker@example.com,NZ,2025-03-31,3.0,delivered
1016,Ethan O'Brien,ethan.obrien@example.com,GB,2025-01-09,4.0,cancelled
1048,Olivia Chen,olivia.chen@example.com,GB,2025-02-04,1.0,shipped
1005,Arjun Singh,arjun.singh@example.com,GB,2025-01-14,4.0,pending
1001,Ava Taylor,ava.taylor@example.com,NZ,2025-03-25,4.0,shipped
1039,Ethan Wilson,ethan.wilson@example.com,CA,2025-01-26,6.0,pending
1011,Oscar Kim,oscar.kim@example.com,CA,2025-03-02,1.0,cancelled
1007,Oscar Wilson,oscar.wilson@example.com,NZ,2025-02-08,4.0,shipped
1018,Leo Martin,leo.martin@example.com,GB,2025-01-28,5.0,delivered
1024,Oscar Walker,oscar.walker@example.com,GB,2025-02-04,2.0,delivered
1049,Sofia Singh,sofia.singh@example.com,US,2025-03-11,2.0,shipped
1056,Chloe Chen,chloe.chen@example.com,GB,2025-01-24,2.0,cancelled
1035,Leo Smith,leo.smith@example.com,AU,2025-01-20,4.0,delivered
1050,Ava Smith,ava.smith@example.com,CA,2025-03-28,1.0,shipped
1045,Henry Taylor,,CA,2025-02-04,6.0,pending
1031,Arjun Lee,arjun.lee@example.com,AU,2025-02-10,3.0,pending
1009,Ava Lee,ava.lee@example.com,CA,2025-02-02,2.0,cancelled
1057,Sofia Brown,sofia.brown@example.com,CA,2025-03-23,4.0,delivered
1037,Zoe O'Brien,zoe.obrien@example.com,AU,2025-03-17,2.0,pending
1028,Jack Nguyen,jack.nguyen@example.com,AU,2025-02-22,4.0,delivered
1033,Ethan Wilson,ethan.wilson@example.com,CA,2025-02-11,2.0,cancelled
1054,Arjun Wilson,arjun.wilson@example.com,CA,2025-01-04,5.0,cancelled
1014,Leo O'Brien,leo.obrien@example.com,NZ,2025-02-19,1.0,cancelled
1021,Olivia Smith,olivia.smith@example.com,GB,2025-03-28,1.0,pending
1002,James Nguyen,james.nguyen@example.com,CA,2025-01-01,1.0,delivered
1058,Mei Chen,mei.chen@example.com,US,2025-01-22,1.0,pending
1020,Ava Lee,ava.lee@example.com,GB,2025-02-12,6.0,shipped
1006,Mia Smith,mia.smith@example.com,AU,2025-02-06,1.0,pending
1060,Emma Wilson,emma.wilson@example.com,GB,2025-01-14,2.0,cancelled
1008,Liam Chen,,NZ,2025-02-08,2.0,pending
1012,Unknown,harper.walker@example.com,NZ,2025-01-21,3.0,pending
1032,Noah Wilson,noah.wilson@example.com,NZ,2025-03-26,6.0,delivered
1038,Jack Chen,jack.chen@example.com,,2025-02-17,3.0,pending
1029,Henry O'Brien,henry.obrien@example.com,AU,2025-01-21,6.0,cancelled
1013,Sofia O'Brien,sofia.obrien@example.com,NZ,2025-02-27,5.0,cancelled
1044,James Brown,james.brown@example.com,NZ,2025-01-05,1.0,pending
1003,Arjun Smith,arjun.smith@example.com,CA,2025-03-20,6.0,cancelled
1052,Isla Patel,isla.patel@example.com,US,2025-02-19,3.0,pending
1041,Emma Lee,emma.lee@example.com,GB,2025-02-22,3.0,shipped
1055,Arjun Martin,arjun.martin@example.com,CA,2025-02-23,1.0,delivered
1025,Chloe Nguyen,chloe.nguyen@example.com,GB,2025-03-29,4.0,cancelled
1059,Zoe O'Brien,zoe.obrien@example.com,GB,2025-01-21,3.0,pending
1026,Isla Smith,isla.smith@example.com,GB,2025-01-28,6.0,shipped
1047,Harper O'Brien,harper.obrien@example.com,CA,2025-02-15,3.0,delivered
