order_id,customer_name,email,country,order_date,quantity,amount_usd,status
1004,Chloe Garcia,,US,2025-03-16,2.0,70.84,cancelled
1040,Arjun Lee,,AU,2025-02-21,3.0,295.29,shipped
1042,Oscar Wilson,,CA,2025-01-07,2.0,39.15,unknown
1043,Henry Garcia,,CA,2025-02-13,6.0,940.49,shipped
1022,Emma Lee,,GB,2025-03-11,6.0,106.67,cancelled
1046,Sofia Singh,,NZ,2025-01-14,4.0,659.56,cancelled
1036,Arjun Singh,,,2025-03-24,4.0,420.13,pending
1017,Oscar Garcia,,AU,2025-03-24,5.0,603.41,pending
1010,Ruby Smith,,NZ,2025-01-13,5.0,273.56,cancelled
1051,Sofia Obrien,,US,2025-01-14,4.0,517.24,cancelled
1027,Isla Garcia,,AU,2025-03-03,4.0,598.22,cancelled
1053,Mia Walker,,NZ,2025-03-31,3.0,461.04,delivered
1016,Ethan Obrien,,GB,2025-01-09,4.0,696.27,cancelled
1048,Olivia Chen,,GB,2025-02-04,1.0,153.7,shipped
1005,Arjun Singh,,GB,2025-01-14,4.0,541.05,pending
1001,Ava Taylor,,NZ,2025-03-25,4.0,189.12,shipped
1039,Ethan Wilson,,CA,2025-01-26,6.0,190.75,pending
1011,Oscar Kim,,CA,2025-03-02,1.0,30.38,cancelled
1007,Oscar Wilson,,NZ,2025-02-08,4.0,187.06,shipped
1018,Leo Martin,,GB,2025-01-28,5.0,667.11,delivered
1024,Oscar Walker,,GB,2025-02-04,2.0,204.26,delivered
1049,Sofia Singh,,US,2025-03-11,2.0,300.88,shipped
1056,Chloe Chen,,GB,2025-01-24,2.0,164.24,cancelled
1035,Leo Smith,,AU,2025-01-20,4.0,450.33,delivered
1050,Ava Smith,,CA,2025-03-28,1.0,57.86,shipped
1045,Henry Taylor,,CA,2025-02-04,6.0,169.38,pending
1031,Arjun Lee,,AU,2025-02-10,3.0,493.53,pending
1009,Ava Lee,,CA,2025-02-02,2.0,131.93,cancelled
1057,Sofia Brown,,CA,2025-03-23,4.0,127.22,delivered
1037,Zoe Obrien,,AU,2025-03-17,2.0,320.46,pending
1028,Jack Nguyen,,AU,2025-02-22,4.0,306.96,delivered
1033,Ethan Wilson,,CA,2025-02-11,2.0,31.25,cancelled
1054,Arjun Wilson,,CA,2025-01-04,5.0,298.39,cancelled
1014,Leo Obrien,,NZ,2025-02-19,1.0,14.11,cancelled
1021,Olivia Smith,,GB,2025-03-28,1.0,49.18,pending
1002,James Nguyen,,CA,2025-01-01,1.0,79.57,delivered
1058,Mei Chen,,,2025-01-22,1.0,167.74,pending
1020,Ava Lee,,GB,2025-02-12,6.0,111.2,shipped
1006,Mia Smith,,,2025-02-06,1.0,140.59,pending
1060,Emma Wilson,,GB,2025-01-14,2.0,138.94,cancelled
1008,Liam Chen,,NZ,2025-02-08,2.0,31.43,pending
1012,Unknown,,NZ,2025-01-21,3.0,315.05,pending
1032,Noah Wilson,,NZ,2025-03-26,6.0,762.43,delivered
1038,Jack Chen,,,2025-02-17,3.0,178.28,pending
1029,Henry Obrien,,AU,2025-01-21,6.0,877.12,cancelled
1013,Sofia Obrien,,NZ,2025-02-27,5.0,842.93,cancelled
1044,James Brown,,NZ,2025-01-05,1.0,165.6,pending
1003,Arjun Smith,,CA,2025-03-20,6.0,426.09,cancelled
1052,Isla Patel,,US,2025-02-19,3.0,191.56,pending
1041,Emma Lee,,GB,2025-02-22,3.0,218.16,shipped
1055,Arjun Martin,,CA,2025-02-23,1.0,172.3,delivered
1025,Chloe Nguyen,,GB,2025-03-29,4.0,452.85,cancelled
1059,Zoe Obrien,,GB,2025-01-21,3.0,119.77,pending
1047,Harper Obrien,,CA,2025-02-15,3.0,96.37,delivered
